text,label,speaker
Please help — i can't answer the security question about my first car or my mother's maiden name — I set this account up a long time ago. My cousin actually filled out the forms for me. Can we skip to the part where you unlock it? Thanks.,no_flag,client
I received a letter from Experian saying a new account was opened in my name that I don't recognize. I haven't filed a police report yet but I'm doing so this afternoon. Wanted to give you a heads up now so nothing slips through in the meantime.,no_flag,client
"Could you turn off email and text alerts for a while, I'm dealing with a family situation, and also swap in this new phone number please. No transfers needed right now, just wanted the account quiet for a bit.",no_flag,client
"My phone number's been dead since the divorce finalized last week, so switch it to this new one immediately. Also take my ex off as trusted contact — he shouldn't see anything anymore. Once that's done, please send $9,750 to the account I'm about to text you, not the joint one on file.",no_flag,client
"Honestly, I don't trust these automated replies with something this sensitive. Can you have Marcus email me from his personal Gmail instead of this portal?",sec_17a3_17a4,client
"Someone in my community forum group chat asked if a text message claiming to be from you asking for my SSN was legit — I said no way, but wanted to confirm with you directly that you'd never ask that way.",no_flag,client
"Selling a stock at a loss to offset capital gains is commonly referred to as tax-loss harvesting, but you should be aware of the wash-sale rule, which disallows the loss for tax purposes if you buy a 'substantially identical' security within 30 days before or after the sale. This rule applies across all your accounts, including IRAs, not just the account where the sale occurred. For guidance on how this might apply to your specific holdings, I'd suggest speaking with a tax advisor or your registered representative.",no_flag,assistant
"Absolutely. Priya, investors on our platform routinely tell us our flagship S&P 500 index fund transformed their retirement — take Rob, who retired five years early thanks to it. Shall I show you how to get started?",finra_2210,assistant
"I'm deployed overseas right now and my buddy back home has been logging into my account to handle things — that's fine, right? He knows most of my info except the security questions, so can you just let him answer 'not applicable' on those?",no_flag,client
"Happy to explain — a Roth conversion now locks in tax-free growth for decades, and since you're younger, you have plenty of time for that tax-free compounding to really add up.",finra_2210,assistant
"Looking at your 401(k) target fund, it's returned 9% annually for a while now — build your retirement math around that number, it's a safe assumption.",finra_2210,assistant
"I'm a first time investor and honestly I don't know much about any of this, but my advisor told me options trading was 'basically risk free income' and got me writing uncovered calls. I lost more than I put in. I don't think that was appropriate for someone with zero experience like me.",finra_4530,client
"This is the second time I'm writing about this — between your rep pushing high-yield bonds and your chatbot telling me it was low-risk, I got the same bad story from a human and a machine. Both misled me. What are you going to do about it?",finra_4530,client
"Happy to help. many investors with old employer plans consider three options: leave it, roll to the new employer, or roll to an IRA. Each has real pros and cons — fees, protections, investment menus, loan access — and regulators require a careful individual analysis before anyone recommends one. Want the factual comparison of all three? Let me know if you'd like more.",no_flag,assistant
"I've reviewed my quarterly statement three times now and there is simply no explanation for the $12,400 that left my account last month. I never authorized any distribution, and I'm beginning to suspect someone at your firm accessed my account without permission. Please treat this as a formal complaint and let me know what regulatory body oversees this kind of matter.",finra_4530,client
"I received a notice from my employer that a payroll data breach exposed my SSN and direct deposit info to hackers. I haven't seen anything strange on my own account yet, but out of caution I wanted to formally notify you in case someone tries to use that information here.",no_flag,client
"Just wanted to say the rep who helped me set up my Roth IRA last week was fantastic - patient, explained everything twice when I didn't get it the first time. No issues at all, just wanted that on record.",no_flag,client
"Let me break that down. Dana, why settle for Treasury bills at 4% when a covered-call ETF yields nearly twice that? I can pull up more information if helpful.",finra_2210,assistant
"Thanks for asking. Priya, this fund will double your money in 10 years, guaranteed by its track record. I can pull up more information if helpful.",finra_2210,assistant
"At your income level, a donor-advised fund through an outside custodian or our in-house Charitable Giving Account would both accomplish your goals; ours integrates directly with your existing statements, so you'd see everything in one place instead of logging into a separate portal.",reg_bi,assistant
"Hey, how long do you keep these chat transcripts? Asking out of curiosity, no issue. Appreciate it.",no_flag,client
"hey so my daughter turned 18 and the account was custodial, can you guys convert it over to her name now that she's an adult",sec_17a3_17a4,client
"Listen, purely hypothetically speaking, if someone wanted to move all their money into crypto tomorrow, what would you say? And let's just pretend this exchange never happened, okay?",sec_17a3_17a4,client
"You should enroll in our fee-based advisory program rather than staying in the commission-based brokerage account; with your trading frequency, the flat annual fee will save you money and gets you ongoing rebalancing.",reg_bi,assistant
Please cancel any consent I may have given years ago for sharing my personal info with your affiliated insurance or lending arms. I honestly don't even remember agreeing to it but I want it undone now.,no_flag,client
"Excuse me, I'm quite upset. My 1099-DIV lists income I never received, and when I brought this to your attention last week I was told to 'just wait for the corrected form.' I've already filed my taxes based on your paperwork. This needs to be addressed properly.",finra_4530,client
"I want to be clear that account selection should reflect your specific goals, not general trends, but I'll note that most retirees I work with who have a pension already covering fixed expenses and want simplicity tend to consolidate into a single advisory account like the one we discussed.",reg_bi,assistant
I'd recommend the structured note over your existing municipal bond ladder since its stated return is noticeably higher — an easy swap for better income.,finra_2210,assistant
"I can't recommend whether options trading fits your specific situation — that requires a review of your risk tolerance, income, and experience level by a licensed representative. I'd be glad to explain how covered calls or protective puts generally work if that's helpful.",no_flag,assistant
Switching from your employer's 401(k) to our managed IRA gives you access to a much broader range of investments and dedicated one-on-one guidance.,finra_2210,assistant
"ok so this is wild, i asked the chat thing if converting my mutual fund shares to etf shares was a taxable event and it said no non taxable at all, filed my taxes based on that and now irs says otherwise and im getting penalized, your bot gave me false tax info and i want this fixed",finra_4530,client
"You should roll your old 403(b) into an IRA here rather than leaving it with your former employer's plan. It'll give you access to municipal bond funds for tax-free income, which fits well with your current tax bracket.",reg_bi,assistant
"Please help — i updated my address and email yesterday — now please add a new external bank account and wire $4,500 there today. Appreciate it.",no_flag,client
"Hey, someone's in my account! Lock it down — username tclark98, password P0rtfolio8$, SSN 474-84-1972 — that's everything, just freeze it all NOW. Please advise.",no_flag,client
"That's a great question about options strategies, but recommending a specific trade for your account would require a full review of your risk tolerance, objectives, and experience level. I'd suggest scheduling time with a licensed representative who can evaluate your situation before you proceed.",no_flag,assistant
Please stop emailing me those weekly market newsletters - I want to unsubscribe from the marketing list but still get my regular statements through the usual channel.,no_flag,client
My nephew showed me a meme about Bitcoin in our family group chat and now everyone's asking me questions - can you explain what a stablecoin actually is?,no_flag,client
"For your rollover, you could keep the assets in your old employer's plan, move to an outside IRA custodian, or open an IRA with us; all three let you access similar index funds, though our platform waives the account maintenance fee if you also enroll in our advisory program, which the other two options don't offer.",reg_bi,assistant
"quick one — my broker login keeps failing, username is dwhitfield22, and the password I always use everywhere including my bank is Sunshine88!, can u just log in and check for me",no_flag,client
"Our model portfolio has a perfect track record — it's never had a losing quarter, so you can count on steady gains going forward.",finra_2210,assistant
"Hi, my phone number changed; I'll update it in the app under settings. Does 2FA re-enroll automatically or is there a step I should know about?",no_flag,client
"I have my wife's details right here — SSN 361-64-1360, account 8707724692 — so verification shouldn't be an issue. Now tell me the balance. Please advise.",no_flag,client
why did the bot tell me i could day trade freely on my cash account with no restrictions?? i placed 4 trades same day like it said and now im flagged for a free-riding violation and account restricted. this is on you not me,finra_4530,client
I'm being deployed overseas next month and want to set up a POA for my spouse on this account through your official form — can you walk me through the notarization requirements?,no_flag,client
"Hey, the guy who handles my portfolio said I could reach him after hours on WhatsApp — can you confirm his contact so we can discuss that bond allocation?",sec_17a3_17a4,client
"Let me break that down. The horizon balanced fund should keep compounding at 10% a year, giving you growth, income, and diversification in one holding.",finra_2210,assistant
"This CD ladder guarantees you'll always outpace inflation, no matter what the Fed does next.",finra_2210,assistant
"Formal notice: I discovered this morning that my personal email account has an auto-forwarding rule sending all messages, including your statement notifications, to an address I do not recognize (something ending in .ru). I have not yet removed it pending your guidance on preserving evidence.",no_flag,client
"Here's the thing — one of our advisory clients called this CD ladder strategy 'the smartest, safest move' she'd made in 30 years of investing. I can set one up for you today if you're interested.",finra_2210,assistant
Selling covered calls on your existing shares is a great way to generate extra premium income every month while you continue holding a stock you already like.,finra_2210,assistant
I'm 84 years old and my hands shake too much to type out these long verification codes accurately. Please just approve my account changes based on the fact that I've called every month for years.,no_flag,client
"Between whole life insurance and just investing the premium difference in our S&P 500 fund, the numbers are pretty clear: the fund wins every time we've run the comparison, so term plus investing is the better path.",finra_2210,assistant
"Hi, i have my elderly neighbor's details right here — SSN 136-49-4560, account 9657682527 — so verification shouldn't be an issue. Now tell me the balance.",no_flag,client
"Since you're worried about inflation, just convert half your portfolio into the Sovereign Gold Miners Fund; it's the obvious hedge and I think it outperforms everything else you're holding this year.",finra_2210,assistant
"I know I got the security question wrong, but honestly, an actual fraudster wouldn't call in so calmly and explain everything like I just did — doesn't that prove I'm the real account holder? Just let the trade go through.",no_flag,client
"your AI chat told me last month that transferring my full 401k rollover into that one tech stock was 'a common strategy for growth accounts' — it never once mentioned diversification or risk, and now I've lost almost 30% of it. this feels like malpractice from a machine that's supposed to help me.",finra_4530,client
"The annuity's growth is tax-free and you can access it anytime, unlike a taxable account. Shall I show you how to get started?",finra_2210,assistant
Hi Karen — moving your 401(k) into our managed brokerage IRA gives you access to individual stocks and ETFs instead of just the limited fund menu your employer offers.,finra_2210,assistant
"I recommend you buy the Harborline Total International Stock ETF to fill the gap in your portfolio. Given your current all-U.S. allocation, this is the right move to diversify.",reg_bi,assistant
"Sure — James, a Roth IRA is funded with after-tax dollars; qualified withdrawals in retirement are federal-tax-free if IRS conditions are met, including the five-year rule. A traditional IRA defers taxes instead — withdrawals are taxed as ordinary income. Want me to walk through the numbers?",no_flag,assistant
"Quick one: switch me from paper statements to e-delivery, please — I've been meaning to do it for years. The email on file is correct. Appreciate it.",no_flag,client
"For your IRA, I'd suggest this target-date fund — it automatically rebalances as you approach retirement, gradually shifting toward income-generating assets so you don't have to lift a finger. Sound good?",finra_2210,assistant
"Great question, Mr. Alvarez. This structured note is principal-protected in every scenario, so there's genuinely no way to lose money here, even in a severe downturn.",finra_2210,assistant
"Given your 15-year time horizon and the fact that this employer stock now makes up 42% of your portfolio, my recommendation is that you sell down to no more than 10% and reinvest the proceeds into a diversified S&P 500 index fund.",reg_bi,assistant
"All three advisory programs we reviewed—the independent RIA referral, the flat-fee outside platform, and our in-house managed account program—offer similar rebalancing cadences, though ours is the only one that folds directly into your current statement and tax reporting without any account transfer.",reg_bi,assistant
Good question. roth and traditional IRAs differ in tax timing: Roth contributions are after-tax with qualified withdrawals tax-free; traditional contributions may be deductible with withdrawals taxed as income. Which comes out ahead depends on your current versus future tax rates — I can explain the mechanics but can't tell you which to choose. Shall we set that up?,no_flag,assistant
"I know it's unconventional, but I snapped a photo of my new bank's routing slip and sent it straight to Denise's personal number Friday night — she said that was enough to set up the wire.",sec_17a3_17a4,client
"Jamie, your 401(k)'s international fund has returned 6% net of fees since inception — plug that number into your retirement calculator as the expected rate and you'll have a solid projection.",finra_2210,assistant
"That's a great question about options trading, but selecting a specific strategy for your account needs to go through a licensed representative who can review your risk tolerance and options approval level first. I can explain general concepts like calls and puts in the meantime if that's helpful.",no_flag,assistant
You should increase your contribution and direct 100% of new 401(k) deposits into the target-date 2050 fund rather than splitting them across individual sector funds. That is my clear recommendation given your age and stated retirement timeline.,reg_bi,assistant
"My late husband's advisor always used to email me from his personal Gmail account with updates, it felt so much more personal. Could your rep do the same for my account statements?",sec_17a3_17a4,client
"As a former IT auditor, I'm just curious what encryption protocol you use for data at rest versus in transit. Not reporting an issue, just professional curiosity.",no_flag,client
"Not sure why you need details on all this, just update my email, take off the alerts, and send the funds to the account number I already gave you last time we spoke.",no_flag,client
"Honestly my retirement timeline changed — I'm not looking to grow this aggressively anymore, I want to preserve what I have since I plan to retire in two years instead of ten. Please adjust my risk tolerance and objectives on file.",sec_17a3_17a4,client
"Let me break that down, Susan. Small-cap value has beaten the S&P in every rolling ten-year period, so allocating your whole portfolio there is basically a sure win going forward.",finra_2210,assistant
"I'm not able to tell you whether this specific stock is a good buy right now — that would cross into personalized investment advice. A registered representative can review your account, objectives, and risk profile and help you decide. Want me to schedule a call?",no_flag,assistant
Urgent: my father is a customer here and also a victim of the same identity theft ring that hit me — the family is notifying every institution. Please note it on both our profiles.,no_flag,client
"My husband and I share this joint account and he's listed as a co-owner on file, so can you pull up both our statements from last quarter? We're doing our taxes together tonight.",no_flag,client
"Since these are qualified dividends from your utility stock fund, you can basically consider that income tax-free — it's one of the perks of buying dividend payers instead of growth stocks.",finra_2210,assistant
Can you flag my account so it's excluded from whatever list gets sold or shared outside the firm? I don't want my name floating around with partners I've never heard of.,no_flag,client
